Y,P,T,X
0.0,0,1,0.08468654043541991
6.330069224684729,0,1,0.6601384493694588
5.130226833206127,0,1,0.2604536664122539
0.0,0,0,1.0830940925605224
0.860025455316536,0,0,1.720050910633072
5.1300639829638515,0,1,0.26012796592770254
0.0,0,1,2.546472625057488
0.0,0,0,0.6129154774883107
3.5002696232925405,0,0,1.000539246585081
0.0,0,0,0.6568459595483409
10.563486995256499,0,0,1.1269739905129985
0.0,0,0,0.08659831155460752
0.0,0,1,1.9165052540054655
12.18097206987319,0,1,0.36194413974638096
0.0,0,1,2.323726262127574
0.0,0,0,1.5952599311237439
1.0782780224242117,0,1,0.1565560448484232
3.1464837463278315,0,1,0.29296749265566263
0.8027489129420291,0,1,1.6054978258840582
0.0,0,1,0.1498727489853723
0.4903457436968486,0,1,0.9806914873936972
7.010647370478904,0,0,0.021294740957808127
1.1920550550640197,0,1,0.3841101101280392
8.195545276167277,0,1,0.3910905523345528
16.452941991147696,0,1,0.9058839822953902
1.9710413634670152,0,1,1.9420827269340302
0.0,0,1,0.15455533354720413
5.14374991064858,0,1,0.28749982129716073
7.578419528522984,0,1,1.1568390570459675
2.587315930988191,0,0,1.174631861976382
0.011448126705667935,0,0,0.02289625341133587
3.3020143603636196,0,1,2.6040287207272392
0.22611601416348925,0,1,2.4522320283269785
0.0,0,1,1.2735561655171903
0.0,0,1,1.2382268123599303
0.0,0,0,0.9571162722583335
0.0,0,1,0.820532233169883
0.0,0,1,1.1066732609135834
4.378105172744615,0,1,0.7562103454892287
0.0,0,0,0.3729893397854963
0.0,0,0,0.44237158269000126
0.0,0,1,0.5038716188024328
8.16971612209921,0,0,2.3394322441984206
0.0,0,0,1.4507203498605588
1.1372353980311638,0,0,2.2744707960623276
0.0,0,1,0.2603280347541197
7.1298341250534625,0,1,0.2596682501069258
0.0,0,0,0.11134281686562297
0.4580542362987109,0,1,0.9161084725974218
8.906824740448485,0,1,1.8136494808969685
0.0,0,1,0.764710413590099
13.37604545590981,0,0,0.7520909118196232
0.0,0,1,4.1875307819225975
2.6891972379568774,0,1,1.3783944759137545
8.179254552783288,0,1,0.35850910556657656
5.516368211255618,0,0,1.0327364225112372
10.544579554345408,0,1,1.0891591086908137
0.0,0,1,1.0516543142434551
0.5362890562445606,0,1,1.0725781124891212
0.0,0,0,0.18634866288148882
0.0,0,1,2.410102556484452
5.290525111267459,0,1,0.5810502225349183
16.053333687629177,0,0,0.1066673752583505
9.854849094637173,0,0,1.7096981892743455
1.7318559745788846,0,1,3.4637119491577693
8.321479624522935,0,0,0.6429592490458692
0.07622353383972487,0,0,0.15244706767944974
6.38972564283238,0,0,0.7794512856647596
11.52914962271913,0,1,1.0582992454382603
0.13945380909736493,0,1,2.27890761819473
0.0,0,0,0.10214025014226856
0.0,0,1,0.5674742677260118
0.0,0,1,1.8350773704906305
1.7097893194791298,0,0,1.4195786389582596
1.3312100598153647,0,1,2.6624201196307293
5.567242137972309,0,1,1.1344842759446194
0.0,0,1,0.19208351270349153
1.6087164610427118,0,0,1.2174329220854236
0.0,0,1,0.6750886569309945
0.0,0,1,0.19873124968419145
3.6577152714758197,0,0,1.315430542951639
0.0,0,0,1.3278088765906324
0.0,0,0,0.32897935187631083
11.192497735324151,0,1,0.384995470648304
0.0,0,0,1.155780454201008
0.0,0,1,0.3273302247481108
0.0,0,0,2.772161304643647
8.076710124988734,0,1,0.15342024997746811
0.0,0,0,0.2611908232149395
3.518576223126714,0,0,1.0371524462534276
0.0,0,0,0.42848142873451467
0.5043862010181319,0,0,1.0087724020362638
1.3299904730147738,0,1,0.6599809460295477
0.0,0,0,1.5263725003971458
0.0,0,1,0.45285798932200255
0.0,0,0,3.6224725122477612
2.301892885851051,0,1,0.603785771702102
0.0,0,1,0.7240187479433176
0.0,0,0,1.9152645031466242
7.192947533372925,0,0,0.38589506674585
0.0,0,1,0.9291486793433457
0.13875932196308705,0,0,0.2775186439261741
0.4249004088989186,0,1,0.8498008177978372
7.099284792080526,0,1,0.1985695841610537
16.784822565876308,0,1,1.5696451317526185
0.0,0,0,0.019603915281490535
7.012150164334492,0,0,0.024300328668984093
0.0,0,0,1.5560225015355535
0.0,0,0,0.21980702337912056
0.0,0,0,0.5006062817718543
2.3240408306952633,0,1,0.648081661390527
0.0,0,0,0.21411145321452726
0.0,0,1,0.04368377241423986
4.0730709368362,0,0,0.1461418736724004
6.120710410023576,0,0,0.24142082004715235
0.0,0,0,0.19878521819024864
9.805005218916834,0,0,1.6100104378336684
0.0,0,0,1.7858666006712849
0.0,0,1,1.777449360007121
0.0,0,0,2.014293277298613
4.406553039422917,0,1,0.8131060788458343
1.1944272797179416,0,0,2.388854559435883
0.0,0,1,0.9207120647274599
0.0,0,1,0.31009228931103666
3.5701201837591463,0,1,1.1402403675182924
1.257134106766937,0,1,2.514268213533874
0.0,0,1,0.35483526013623545
5.2833313024660224,0,0,4.566662604932045
0.0,0,1,0.09195277873921061
0.0,0,0,0.12880454280907505
0.0,0,1,1.8282559333447732
0.0,0,0,1.5358777952749811
6.076917704723838,0,1,0.15383540944767585
2.172803721557223,0,1,0.3456074431144458
0.0,0,0,1.4213014092234513
0.0,0,1,0.28149634910086235
0.0,0,1,0.2860646311847563
4.109728437957558,0,1,0.21945687591511584
0.0,0,1,0.033506509408618976
12.13138779341462,0,1,0.2627755868292387
0.0,0,1,1.3674376779765092
12.788203294076999,0,0,1.5764065881539955
9.024760829822235,0,1,0.049521659644470035
0.08197551764914598,0,0,0.16395103529829197
0.9893413439484844,0,0,3.9786826878969688
5.981142455225597,0,1,1.9622849104511946
0.0,0,1,0.11942796155190029
0.0,0,0,0.05560654826308491
0.0,0,1,0.8379834215048382
0.0,0,0,0.42660836277963315
0.0,0,1,0.0773525139759791
2.685350336349079,0,1,1.3707006726981574
0.0,0,0,0.4172827305423346
0.08303943572689008,0,1,0.16607887145378017
9.362335310246669,0,1,0.7246706204933391
6.015434670555469,0,0,0.030869341110938215
0.0,0,0,0.22558995817009617
0.0,0,1,0.2786979049400308
1.1527665822143998,0,1,0.30553316442879963
1.2283532187918476,0,0,2.456706437583695
4.722265783822823,0,1,1.4445315676456458
2.2607167759245534,0,0,0.5214335518491072
3.4147680749054645,0,1,0.8295361498109287
0.0,0,0,0.29282980486867377
0.0,0,0,0.8251243315141247
0.0,0,0,0.7571616640886468
0.0,0,0,0.9979523180281851
0.0,0,0,0.12790776701048368
4.074537583189631,0,1,0.14907516637926194
13.40928858519531,0,1,0.8185771703906171
0.0,0,0,0.5091137763670857
2.3037774809233307,0,1,2.607554961846662
3.996678107648972,0,1,1.9933562152979443
0.0,0,1,0.6659754426734711
0.2526689578549126,0,1,0.5053379157098252
0.0,0,1,0.21859930577807749
0.0,0,0,0.7573004953800818
0.0,0,1,0.5333652991161008
0.0,0,1,0.879444561157025
0.0,0,0,0.4050652794839823
0.0,0,0,0.11513556518552989
0.0,0,1,0.5644224473491489
0.0,0,1,0.2579419834028159
0.0,0,1,2.3401815897704648
0.0,0,0,2.9897385480817027
0.0,0,0,0.7679409996786766
4.107427432116771,0,1,2.2148548642335424
0.0,0,0,0.708350791192998
11.066482858552401,0,1,0.1329657171048041
5.102050223262405,0,0,0.20410044652481052
0.0,0,0,2.2308826030511177
0.0,0,0,0.3736070718002816
0.632849285798412,0,0,1.265698571596824
0.0,0,1,1.0154037966867753
3.0085535147508353,0,0,0.017107029501670694
0.0,0,1,0.3560536128039103
12.643843037530825,0,0,1.2876860750616517
0.0,0,0,0.5288258024247677
0.0,0,1,1.1600422500225702
8.474305604269146,0,0,2.948611208538292
0.0,0,0,1.2809040159788436
3.460324059456186,0,1,0.9206481189123723
4.004827398861136,0,0,0.009654797722271033
0.0,0,0,1.4460774248946622
0.0,0,0,0.19478388621089746
19.03182528094231,0,0,0.06365056188462243
21.08592420365644,0,1,0.17184840731287818
0.0,0,1,0.45903829893218595
0.0,0,1,0.8636164479251726
2.4614669978722796,0,0,0.9229339957445594
0.0,0,1,0.1583469978375083
0.0,0,0,1.4601775004538666
8.032265589207405,0,0,4.064531178414811
0.0,0,0,2.5044699609995313
0.0,0,1,3.7990332751152787
6.32369840409318,0,0,0.6473968081863597
21.325087813952813,0,1,0.6501756279056284
9.037684384270632,0,0,0.07536876854126315
7.174535975050004,0,1,0.3490719501000088
0.0,0,0,0.23417161795803895
2.23051732847567,0,0,0.46103465695134
2.0800647521252777,0,1,0.16012950425055578
0.6939346916919021,0,0,1.3878693833838043
0.0,0,0,0.8854289537696599
0.1446194680068674,0,1,0.2892389360137348
0.0,0,0,0.7264527148854276
9.293764683478004,0,1,0.5875293669560074
6.423528072042504,0,1,0.8470561440850075
0.0,0,1,0.8629334381584756
0.0,0,1,0.5566005050791589
0.0,0,0,0.47017685818855715
0.0,0,1,0.3189303680271558
13.041230234609404,0,1,2.0824604692188093
0.0,0,1,0.17281921508774603
0.0,0,0,0.5839489721394256
0.33405519172372616,0,1,0.6681103834474523
4.0497331135659715,0,0,0.09946622713194238
0.02915762749126798,0,0,0.05831525498253596
0.0,0,0,0.34200471455877424
0.0,0,1,0.3565953607292291
0.0,0,1,0.6619221829220053
6.113818131894343,0,1,0.22763626378868615
27.82084184716845,0,0,1.641683694336897
0.0,0,1,0.12344822583203184
0.0,0,1,4.317452312898863
0.0,0,0,1.4680697434991832
3.0106660951865463,0,1,0.021332190373092485
4.4009129398478555,0,1,0.8018258796957103
0.0,0,0,0.6693644126508036
0.0,0,1,2.425325756693195
21.47458748180538,0,1,0.9491749636107549
0.0,0,1,1.3184710982495913
3.070386493410574,0,1,2.1407729868211476
0.0,0,0,2.26434327719076
0.0,0,0,0.21758122756333895
0.0,0,1,0.6636962254554262
0.0,0,1,0.6399111638260315
0.3452475588278109,0,1,0.6904951176556218
0.0,0,0,0.008789141444431119
0.0,0,0,0.3665848025559184
0.0,0,1,1.2330147700072858
0.0,0,1,0.10141786874243121
16.09210471939361,0,1,0.184209438787221
0.0,0,1,1.2551529174234406
0.0,0,0,0.05134125769233533
9.25421150938928,0,1,0.5084230187785603
0.0,0,1,1.0269223777275491
2.3895228992980315,0,0,0.7790457985960627
0.07904776943339172,0,1,0.15809553886678343
3.1741186181618852,0,0,0.34823723632377007
0.0,0,1,1.7331396586345125
13.065741375694353,0,1,0.13148275138870572
0.0,0,0,1.6570121692170598
2.92553116500039,0,1,1.8510623300007805
10.31524051712109,0,0,0.6304810342421799
0.0,0,0,1.1049614557723992
8.009641674447947,0,0,0.01928334889589336
1.7489196952789012,0,0,1.4978393905578025
4.505570579187789,0,0,1.0111411583755785
0.0,0,0,0.0814233735054018
16.414552939533444,0,0,2.8291058790668906
0.0,0,0,2.8109932680588097
0.0,0,0,0.8397047165672894
3.1052379552145246,0,0,0.21047591042904887
5.33140513614196,0,1,0.662810272283921
2.1130329548931273,0,0,0.22606590978625454
23.671247297452314,0,0,1.3424945949046299
0.0,0,1,0.5529274029761623
0.0,0,0,0.9458697364881782
0.0,0,0,0.4752966029409557
0.0,0,1,0.3445417474061392
0.0,0,0,0.31141630786460156
0.0,0,1,0.8386511329160056
4.416900343628161,0,1,0.8338006872563204
0.0,0,0,0.18074117713242774
0.0,0,0,0.2581855983841655
0.0,0,0,0.9673618316736741
9.260114155294271,0,0,0.520228310588544
0.0,0,1,0.4505580777651872
0.0,0,0,0.09804821194886847
0.0,0,0,0.22645940776262688
9.0778859833792,0,0,2.155771966758399
6.395121902803676,0,0,0.7902438056073511
0.0,0,0,0.1364773880123802
0.0,0,0,0.03170390060410948
0.0,0,0,0.1162178884561642
3.186539130572517,0,1,0.3730782611450345
0.0,0,0,0.5164691921234975
0.0,0,0,0.6113892553658827
0.0,0,1,1.088003202671481
0.0,0,1,1.6058273890299488
3.191747237738697,0,0,0.38349447547739407
9.741768757713203,0,0,1.4835375154264046
0.0,0,0,0.2085775170759972
0.0,0,1,0.1677453948222583
0.0,0,0,0.9323147808160199
11.074791271036382,0,0,0.1495825420727632
13.999605366523884,0,1,1.999210733047769
0.0,0,1,2.4294435546349775
0.0,0,1,3.817443824478161
13.544731208248242,0,1,1.0894624164964855
8.866918550266968,0,1,1.7338371005339352
0.0,0,0,0.0674433151675883
9.720940771199848,0,0,1.4418815423996958
0.0,0,0,0.8589523884192637
0.0,0,1,1.1270571465013892
5.57268556467727,0,0,1.1453711293545394
10.284441000473008,0,0,0.5688820009460167
0.0,0,1,1.093081922482865
2.341609902763875,0,0,0.6832198055277497
2.031707351007762,0,1,0.0634147020155236
0.012345684341616127,0,0,0.024691368683232254
0.0,0,1,0.3979165143652111
0.0,0,0,2.3972278034147805
0.0,0,0,3.8821893719133818
0.0,0,1,1.9741911901557532
1.5751264204802746,0,0,1.1502528409605492
6.370064702369359,0,0,0.7401294047387192
14.835689512410312,0,0,1.671379024820623
0.0,0,0,0.1132960710384897
0.0,0,1,0.7196302520296177
0.023573644328977884,0,1,0.04714728865795577
2.1600068403526773,0,1,0.320013680705355
16.59742565313536,0,0,3.194851306270722
0.0,0,0,0.12039728590440316
0.842788245956236,0,0,1.685576491912472
17.76984390151769,0,1,1.539687803035379
0.0,0,1,0.9754367082115755
0.0,0,1,0.13491221121825084
0.0,0,0,0.41726058978675046
10.230056216962984,0,0,0.4601124339259689
2.1889117219563734,0,1,0.3778234439127468
0.0,0,0,0.10688349563744137
0.0,0,1,1.91677210235809
6.116119690979112,0,1,0.2322393819582236
12.23528964631176,0,0,0.4705792926235196
16.420955141985793,0,1,0.8419102839715832
0.7386581122190201,0,1,1.4773162244380402
0.0,0,0,0.5897102805025405
4.862114512070861,0,1,1.724229024141722
0.0,0,1,2.1368532163647465
6.2486452435152495,0,1,0.4972904870304983
0.0,0,1,0.15231250976678998
0.0,0,1,1.1559640927298898
3.095148144060452,0,1,0.19029628812090424
0.0,0,0,0.6623262745262252
4.64543443472319,0,0,1.2908688694463792
0.0,0,0,0.1799117588414962
0.0,0,0,0.9464596210898577
6.211813832611304,0,0,0.42362766522260803
1.5494376722224699,0,0,5.09887534444494
19.12059995463551,0,0,0.24119990927101878
0.41529121483667586,0,1,0.8305824296733517
14.281826010876065,0,0,0.5636520217521306
0.0,0,1,0.215092247956431
0.0,0,1,0.8687258322743326
0.0,0,0,3.277218240517905
3.594134012612597,0,1,1.1882680252251943
5.0141078840102615,0,0,0.028215768020523557
0.0,0,1,1.220402779260876
0.17196312493227714,0,0,0.3439262498645543
6.304429566862689,0,0,0.608859133725378
0.0,0,0,0.777992213672965
4.005351823257111,0,1,0.010703646514220564
0.0,0,0,0.023604345600348017
0.21313108020285257,0,1,0.42626216040570514
0.0,0,1,0.49055926321606735
0.0,0,0,0.24921618686925928
11.26618328136719,0,1,0.5323665627343824
0.0,0,0,0.01116868361811783
11.959851133556418,0,0,1.9197022671128356
0.0,0,0,1.320022236190932
17.61722308402415,0,1,1.2344461680483028
10.123379248689753,0,1,0.2467584973795062
0.0,0,1,0.5569870505404062
0.0,0,1,1.1977811766840816
0.0,0,1,0.06824067605369351
6.862013461418817,0,1,1.7240269228376346
0.0,0,0,0.454113137956839
0.0,0,0,1.268048346427525
10.686093082942326,0,1,1.3721861658846513
0.0,0,0,0.06667760830411099
7.227918879682173,0,1,2.4558377593643463
0.0,0,1,1.6541193539585355
1.2748670173938965,0,1,2.549734034787793
0.0,0,0,0.3036164963939744
0.0,0,0,1.82478803442863
0.0,0,1,1.1170000678348286
3.0702071337688848,0,0,0.1404142675377699
14.301849149244259,0,1,0.6036982984885186
11.690644787311529,0,0,3.381289574623058
13.637155760646499,0,0,1.2743115212929956
0.0,0,0,1.066338668803621
0.0,0,1,0.19452350115887795
0.0,0,1,0.02667742434342907
0.0,0,0,1.4678788358614274
0.9308613339329124,0,0,1.8617226678658247
0.026475552010851704,0,1,0.05295110402170341
0.0,0,0,0.8896465502501907
0.03392969053269063,0,0,0.06785938106538127
4.309234622247463,0,0,0.6184692444949275
0.0,0,0,0.2692457137977038
0.0,0,1,0.4732640914389678
9.014092630316366,0,0,0.02818526063273043
1.056917412690953,0,0,0.11383482538190608
0.0,0,0,2.1541789520437655
0.0,0,1,0.021741708858903534
21.09097985652931,0,0,0.18195971305861441
0.0,0,1,0.14448275339799246
0.0,0,1,1.2024914256482264
0.0,0,1,0.2530189262565578
0.0,0,0,0.6665584219496177
0.0,0,1,0.21492130044038815
0.0,0,0,0.16378569141312593
5.613182029689977,0,0,1.2263640593799532
0.0,0,1,1.5373908380908665
0.0,0,0,0.1147269902993134
0.0,0,0,0.21073668070796509
0.0,0,0,1.387037248649201
0.0,0,0,1.5165192488402097
0.0,0,1,0.5307627086651153
12.757709101274116,0,0,1.5154182025482332
0.0,0,0,0.9742681901474657
2.316509202741749,0,0,0.633018405483498
11.267000694059064,0,1,2.5340013881181265
5.061355594614292,0,0,0.12271118922858376
0.0,0,0,4.134308130079034
1.0185665732241922,0,1,0.037133146448384315
0.0,0,0,1.5847358958784026
5.089546788489276,0,0,0.17909357697855188
23.091533004109547,0,0,0.1830660082190908
4.082074064149972,0,1,0.16414812829994405
0.5794361463150415,0,0,3.158872292630083
0.0,0,1,1.0203065624635121
0.0,0,1,3.2509671090354217
4.693737551570377,0,1,1.3874751031407555
0.0,0,0,0.10909052268819631
0.0,0,0,0.585447058508872
0.0,0,1,0.16165446090954289
0.0,0,1,0.588832939830582
9.005094789527519,0,0,0.01018957905503748
0.0,0,0,2.591759570032053
0.0,0,1,0.8245779341967512
5.686023668000042,0,1,1.3720473360000853
0.0,0,1,2.1433897346063007
4.322154274907048,0,0,2.644308549814096
0.0,0,0,1.7123476783146774
0.0,0,0,0.8822105686353485
0.0,0,0,2.6253815150558726
8.225237725345186,0,0,0.45047545069037265
0.0,0,0,0.09527864540319354
0.0,0,1,2.1903465087064182
4.664808177497227,0,1,1.3296163549944555
12.025470290185007,0,0,0.050940580370013006
0.0,0,0,0.5654951536298395
0.0,0,0,0.1012504825044951
3.2235655707814215,0,0,0.44713114156284267
28.012896193491105,0,0,0.02579238698220721
4.34284046713865,0,0,2.6856809342772996
0.0,0,1,0.2266420534749828
0.0,0,0,2.1339937017436976
0.0,0,1,0.7208001854158311
4.915359307025111,0,0,1.8307186140502218
10.053129574691393,0,0,0.10625914938278809
0.0,0,0,0.15528903582446318
2.464813858652003,0,1,0.9296277173040062
1.2674757596806245,0,0,0.534951519361249
17.170191839615907,0,1,0.34038367923181495
0.28571663350786447,0,1,0.5714332670157289
0.25776859753781844,0,0,0.5155371950756369
0.13472160691737847,0,0,0.26944321383475694
0.0,0,0,4.20627816298005
0.0,0,1,0.3256218247381348
5.734420807210494,0,0,1.4688416144209884
0.0,0,1,0.477612213135995
8.856332822209701,0,0,1.7126656444194017
0.0,0,0,0.24940232602278256
3.0141326600973977,0,1,0.028265320194795544
8.220755656710436,0,1,0.4415113134208733
0.0,0,0,0.7552791311532709
0.0,0,1,0.38168827058522464
0.0,0,1,1.469220770447284
12.683600464821167,0,0,1.3672009296423344
0.0,0,1,1.7849509820890892
0.0,0,0,0.1470434936455062
0.0,0,0,0.004347870952140499
8.250893958402443,0,0,2.501787916804887
0.0,0,1,0.14244935468123898
0.0,0,1,0.3832008556797854
11.012424695360318,0,1,0.024849390720634593
0.0,0,1,0.17505927129386722
9.954913669381877,0,0,1.9098273387637548
5.283257475172972,0,0,0.5665149503459443
0.04660657744897562,0,1,0.09321315489795123
0.0,0,0,0.9169919732065134
15.18243663258424,0,0,0.36487326516847907
1.080878881171611,0,0,0.16175776234322206
0.0,0,1,1.5492824299086354
2.147235561811815,0,0,0.2944711236236298
7.332317270640368,0,1,0.6646345412807348
0.0,0,1,0.21414493927748082
0.0,0,0,4.362854021561876
0.0,0,1,1.0011738519369942
0.0,0,0,5.000347124036318
2.01532601633329,0,1,0.03065203266657965
0.0,0,1,0.39969482240947685
0.0,0,1,0.6137626370956245
2.12384536778588,0,0,0.24769073557176005
0.0,0,0,0.6118349818072281
0.0,0,1,0.41230904883164937
0.0,0,0,0.12914383656109032
0.0,0,0,0.7833083471572116
0.0,0,1,0.019334263301417003
0.0,0,0,0.12776952346244777
0.0,0,0,0.6605508855167211
9.358561638065812,0,1,0.7171232761316215
8.551040965341546,0,0,3.1020819306830916
0.3110952927769512,0,1,0.6221905855539024
0.0,0,1,1.4996801771300916
0.28119152075036163,0,0,0.5623830415007233
0.0,0,0,0.052054133892236266
0.9024342980479712,0,1,1.8048685960959423
3.495716975861804,0,0,2.991433951723608
0.0,0,0,0.3127913351992868
0.0,0,1,1.7318949756100042
0.0,0,0,0.2544959857071613
2.9025749504343232,0,0,1.8051499008686467
0.0,0,0,0.4212536524799009
6.216373642072954,0,1,0.4327472841459069
13.031146163098724,0,1,0.06229232619744766
1.7952850990758562,0,1,1.5905701981517122
2.4770593732452366,0,0,0.954118746490473
0.0,0,1,0.003457650026802641
0.0,0,1,0.09524963380318938
1.1226679798290415,0,1,0.2453359596580829
0.9959505481923764,0,1,1.9919010963847528
0.0,0,1,0.05367565955763224
0.0,0,0,1.685746322966662
0.0,0,1,0.29503115292579596
4.59764043544925,0,1,3.1952808708985
0.0,0,0,0.9798114542141483
19.028763388029674,0,0,0.05752677605934754
0.0,0,1,0.06697223165516238
10.94369594843064,0,0,1.8873918968612804
0.7052943619112682,0,0,1.4105887238225363
0.0,0,0,1.0995515410001153
4.8013172967517965,0,1,1.602634593503593
19.458898708617948,0,1,0.9177974172358928
1.0868984433743127,0,0,0.17379688674862565
2.1991279909781376,0,1,0.39825598195627515
0.0,0,0,0.14369909366480946
0.0,0,0,1.8644308301382875
0.0,0,0,1.9237873209179843
6.06681022066236,0,0,0.1336204413247204
2.1482116280648613,0,1,0.2964232561297224
1.3609722607991652,0,0,0.7219445215983303
6.052429208425818,0,0,0.10485841685163542
0.09163995650925928,0,1,0.18327991301851856
0.0,0,0,2.340520747865476
0.0,0,0,0.5042645566263647
0.0,0,1,0.25906354199647563
0.0,0,1,1.0385148501630148
3.1103672747450983,0,0,0.22073454949019644
0.0,0,1,1.3074445237749093
0.0,0,0,1.8737401488582324
0.0,0,0,0.5485229470083162
0.0,0,0,0.22764236651202768
0.0,0,1,1.0759304281726505
0.0,0,1,0.5798537157548035
12.710389399423534,0,0,1.4207787988470684
6.241077324487538,0,0,0.4821546489750759
12.136651868034917,0,1,0.2733037360698334
0.0,0,1,0.8972838711711879
0.13483493636820912,0,0,0.26966987273641824
19.538319099740733,0,1,1.0766381994814658
6.442284805816171,0,1,0.8845696116323425
0.0,0,1,0.2620659638675749
2.4789600123558735,0,1,0.9579200247117474
15.813374535249508,0,0,1.6267490704990155
4.107469067907868,0,0,0.21493813581573587
0.0,0,1,0.5589039517457428
0.0,0,0,0.7651406714065203
0.0,0,0,0.012775092545401661
0.0,0,0,0.017615603748438197
6.578417584547525,0,0,3.156835169095049
16.336243118762233,0,0,2.6724862375244656
4.488264908330382,0,0,0.9765298166607629
2.0301037896493987,0,0,0.060207579298797186
0.0,0,1,1.4627758499654573
2.388683674388929,0,1,0.7773673487778584
0.0,0,1,0.39125022366172924
8.794649551309845,0,0,1.5892991026196908
0.0,0,0,0.03031918454819809
0.0,0,0,0.4078938000568872
0.0,0,0,0.4219945158706824
0.0,0,0,0.4873493169883101
0.0,0,1,1.5476107765554625
0.0,0,0,0.8795794958852289
0.0,0,1,0.13315847036194756
0.0,0,0,1.2755148665965015
0.0,0,1,0.21253952997153105
0.0,0,1,0.008448897211079389
21.18982766823218,0,0,2.3796553364643573
0.0,0,0,0.7805811789479771
8.117871387995486,0,1,0.235742775990972
18.176393946924435,0,0,0.3527878938488706
0.0,0,1,0.06733393578822906
1.058562336592358,0,1,2.117124673184716
0.0,0,0,0.3359240918357967
0.0,0,1,0.6208023996644566
1.0507701348604794,0,1,0.10154026972095904
0.0,0,0,2.6730040661383887
0.0,0,0,0.13044392358874818
6.1988713704402185,0,1,0.39774274088043693
0.0,0,1,0.3134033745193521
0.0,0,0,1.6931953529240797
0.0,0,1,0.2464934411044579
0.0,0,1,0.45998712112971435
0.0,0,1,0.11540800387654133
0.36811322676247665,0,1,0.7362264535249533
2.1828867280106823,0,1,0.3657734560213643
0.0,0,1,0.23442079532744453
10.243924735515384,0,1,0.4878494710307665
0.0,0,0,1.2928693054177323
0.0,0,1,0.08733656083601594
0.0,0,1,1.4342464344495733
5.3397278951674005,0,0,0.679455790334801
0.0,0,0,0.43552464508275157
0.0,0,0,0.9450471978785587
0.0,0,1,2.2022854979881172
0.0,0,0,1.3490472031041347
10.247773754807575,0,0,0.49554750961515015
0.0,0,0,2.220184318259607
0.0,0,1,0.24907854676382188
4.091493560520381,0,1,0.1829871210407621
0.0,0,0,1.3229974454712021
0.0,0,0,0.7836871596220575
3.2491285672664048,0,1,0.4982571345328097
2.235717228726113,0,1,0.47143445745222556
3.0296538355519864,0,1,0.0593076711039731
10.325385288849235,0,1,2.65077057769847
9.390238842766486,0,1,2.7804776855329703
0.0,0,1,0.2649151685915277
0.0,0,1,3.617208823888059
8.470116566320412,0,1,0.9402331326408231
7.333685067005702,0,0,0.6673701340114045
0.0,0,0,1.8034340668939164
0.0,0,1,2.5229458983966886
0.0,0,1,1.983883565104627
0.0,0,1,0.20368904228030651
0.0,0,0,0.2138337850393887
0.0,0,0,1.679910856649496
0.0,0,1,0.1608405154682106
0.0,0,1,0.5738175040180044
0.0,0,1,0.11013912346435999
0.0,0,0,1.0076262403595693
10.851002667418442,0,0,1.7020053348368835
5.708348424672915,0,0,1.4166968493458294
0.30116515991143866,0,0,2.6023303198228773
0.0,0,1,2.3661035529671226
0.0,0,1,0.04074735585053634
1.7300635461954408,0,1,1.4601270923908818
0.0,0,1,0.035610930464301936
0.0,0,0,0.6464599365163094
0.1653419772907676,0,0,0.3306839545815352
5.183150462113323,0,0,0.3663009242266457
0.0,0,1,1.209871230769895
0.0,0,1,0.8195264516383255
0.900265558269768,0,0,1.800531116539536
1.3230411421278179,0,0,0.646082284255636
0.0,0,1,0.4306126125505495
0.0,0,1,1.8484821507573534
0.0,0,1,1.4246862160741438
6.326444121035229,0,0,0.6528882420704588
3.183528412964457,0,0,0.36705682592891453
10.19347446599174,0,1,0.38694893198347835
0.0,0,1,0.06458926541634849
18.23080526957375,0,0,0.46161053914750144
11.284081371179251,0,1,0.5681627423585021
5.215764861996432,0,0,0.4315297239928636
0.0,0,1,0.5497241797639502
12.325670544091592,0,1,0.6513410881831828
0.0,0,1,0.17545436895645877
2.5590692960914647,0,1,1.1181385921829292
5.174395398521122,0,1,0.3487907970422452
0.0,0,0,1.2289009359476675
0.0,0,1,1.4983376179296344
2.2022914639859215,0,1,0.40458292797184336
0.0,0,1,0.6439013048845734
10.64920469245399,0,1,3.2984093849079805
0.0,0,0,0.48818742012195604
0.0,0,1,0.39496148913723156
15.252784215512266,0,1,0.5055684310245335
0.0,0,0,1.809937905773627
4.064294125776269,0,0,0.1285882515525376
1.9888052634498545,0,1,1.977610526899709
4.434291391566851,0,1,0.8685827831337014
0.130663991978508,0,1,0.261327983957016
0.0,0,1,0.1861482584018502
4.131123379414027,0,0,0.2622467588280543
10.470804367227297,0,1,0.9416087344545934
0.0,0,1,1.828547776363875
0.0,0,0,0.07266197682137553
0.18353083837223563,0,0,0.36706167674447127
0.0,0,1,0.005766225624537034
2.0287597269508946,0,0,0.05751945390178949
0.0,0,1,2.6463468657846536
6.275459275770288,0,1,0.5509185515405752
0.0,0,0,0.3802717544753117
5.095511272347757,0,1,4.191022544695514
0.0,0,1,2.3179481651893403
0.15387993461434893,0,1,0.30775986922869786
0.0,0,0,1.1811060624448548
10.128081269249009,0,1,2.256162538498016
0.0,0,1,0.9091261330554964
0.0,0,0,0.17123178807194397
0.4329851702394874,0,1,0.8659703404789748
5.4172130774289995,0,0,0.834426154857999
0.0,0,0,0.5024790581523751
0.1283202919901415,0,1,0.256640583980283
3.028525205382256,0,1,0.057050410764511776
2.3709276689801446,0,0,0.7418553379602892
0.0,0,0,1.2045247411754174
8.398207374719,0,1,0.7964147494380004
0.3860055189552652,0,1,0.7720110379105304
0.0,0,0,0.7033677377474044
2.112274426484602,0,1,0.22454885296920427
0.0,0,0,0.5870703588606094
0.0,0,1,1.5477521289128993
1.8262876611307282,0,0,1.652575322261456
0.0,0,0,0.6891610356258293
0.0,0,1,0.40537783486866047
0.0,0,1,0.1367093509587992
10.855950463230691,0,1,3.7119009264613827
4.365473278780481,0,0,0.7309465575609619
4.065436390411419,0,0,0.13087278082283813
0.0,0,1,0.240363637647094
0.0,0,0,0.08124129707359717
0.9635342267715336,0,0,1.927068453543067
17.392717991047324,0,0,0.7854359820946485
12.347041358828152,0,0,0.6940827176563027
0.0,0,1,0.15297834315735387
0.0,0,1,0.43959212616858684
0.0,0,1,1.8416407737253664
0.0,0,1,1.5920896941806162
3.4706773481206468,0,1,2.9413546962412935
1.006936750536211,0,0,4.013873501072422
11.262631343864149,0,1,2.5252626877282958
9.443353137968394,0,0,0.8867062759367882
6.630092771567308,0,1,1.2601855431346163
0.0,0,0,0.784716190913299
0.0,0,1,0.5950911702685806
1.6236767482132137,0,1,1.2473534964264272
8.204461889078981,0,0,0.4089237781579639
0.0,0,1,0.09481495880301011
2.2288994672688993,0,0,0.45779893453779896
0.0,0,0,0.18507932825608897
0.0,0,1,0.3228748236859822
17.704543191685207,0,0,1.4090863833704121
0.0,0,0,0.03294912314612308
0.0,0,1,1.5916511679899314
0.0,0,1,1.1134160728970213
4.224737628468032,0,1,0.4494752569360631
8.438684537717181,0,1,2.8773690754343613
0.0,0,0,1.869208641345691
3.4677746311344353,0,0,2.9355492622688706
0.0,0,0,1.1441983880943145
1.1119228905561036,0,1,0.2238457811122073
0.0,0,0,3.677269623722713
1.617239765086986,0,0,1.2344795301739722
0.0,0,1,0.13289674218235212
0.0,0,0,6.036883081718416
0.0,0,1,1.3861153670758264
3.1046011834452427,0,1,0.20920236689048574
0.1564028563986746,0,1,0.3128057127973492
0.0,0,1,0.21815283316787012
0.0,0,1,0.04626021133997551
0.0,0,1,0.04392013928110325
0.0,0,1,1.8632470700310217
0.0,0,0,0.4521683660420045
0.8344153165777234,0,1,1.6688306331554468
6.382281723017196,0,0,0.7645634460343917
10.980777164439411,0,1,1.961554328878821
0.0,0,0,0.016378865389880246
0.0,0,1,0.699002680321294
0.0,0,1,0.2338964481840793
0.0,0,1,0.1729064145997033
0.0,0,0,1.0020841841081016
0.0,0,1,0.5581095221459983
4.343089844528721,0,1,0.686179689057442
0.0,0,1,1.7929276164792012
0.0,0,0,0.027929977289399915
17.397499556420314,0,0,2.7949991128406304
0.0,0,1,0.3841041685344617
0.0,0,0,0.35409757481236176
1.088785726469411,0,0,0.17757145293882196
29.002961803377694,0,0,2.005923606755387
0.0,0,0,0.1124506507678741
0.0,0,1,1.2145146403415492
0.0,0,0,0.7747608965193244
15.825750663171487,0,0,3.6515013263429723
0.0,0,1,2.492276775691519
0.0,0,1,0.2901014211360258
0.0,0,0,1.878222213751912
0.0,0,0,0.6786940086852563
0.0,0,1,1.1468672097104413
1.2816365080626198,0,1,0.5632730161252393
0.0,0,1,2.459934799683457
10.07743383156877,0,1,0.1548676631375399
0.0,0,1,0.23782064221863428
0.0,0,0,0.5097044674446548
0.0,0,1,0.7188400525399558
0.0,0,1,1.6157341274543495
0.2512493542210066,0,1,0.5024987084420132
0.0,0,0,0.4765713504568258
1.2782047203154558,0,1,0.5564094406309117
0.0,0,1,0.48178634796953407
1.0408080490456613,0,1,0.08161609809132256
0.0,0,0,0.1516175589995299
0.0,0,0,1.5312848716735243
0.5109699274504469,0,1,1.0219398549008938
2.096665759896957,0,0,0.19333151979391447
0.11374044381098573,0,0,0.22748088762197147
0.0,0,0,1.0232689577317824
0.0,0,0,0.4259909494563396
0.0,0,0,0.06107233395232141
0.844349725650851,0,1,1.688699451301702
0.0,0,1,3.7889906377969873
0.0,0,0,0.09107755033027631
0.5833776992050629,0,1,1.1667553984101258
0.0,0,0,1.7118856889723184
0.0,0,1,1.1487670977724007
2.3457364932397624,0,0,0.6914729864795248
13.543442356971,0,0,1.0868847139419997
0.0,0,0,0.04575987946881168
13.481141324243424,0,1,0.9622826484868465
0.4744153804258617,0,0,0.9488307608517234
0.0,0,1,1.3041542422177677
0.0,0,0,0.08217240585928941
10.420498746266228,0,1,0.840997492532456
0.0,0,1,0.19921688875383925
0.0,0,1,0.26748145193535383
0.0,0,0,0.18366065732265646
0.0,0,1,0.11498883775889711
0.0,0,1,0.15212501436213277
2.2727853325151997,0,1,0.5455706650303996
0.0,0,0,0.22225148453516919
0.0,0,1,1.593741861951479
5.235236768193905,0,0,0.47047353638781036
0.0,0,1,0.0028250864040355104
14.507694760766958,0,1,1.015389521533917
10.052042748616277,0,0,0.1040854972325518
0.0,0,0,0.12713844955420603
1.5402887594152066,0,0,1.080577518830413
3.284983684384626,0,0,0.5699673687692512
0.0,0,1,2.7029015488887813
0.0,0,0,0.30966924566828596
11.236378676761744,0,1,0.4727573535234863
0.0,0,1,0.45617129500957526
0.0,0,1,0.08460322007841287
0.0,0,1,0.7886693948168948
0.0,0,1,0.6112599908413079
8.696230172497172,0,0,1.3924603449943438
0.0,0,1,1.7742419934369351
7.010751742391946,0,0,0.02150348478389268
0.0,0,0,0.04791595068160752
0.0,0,0,2.2259139321209664
0.0,0,1,0.251437026164365
0.0,0,1,1.0218341091565792
0.0,0,1,1.9689344162016549
0.0,0,0,1.2550158986329187
2.2965041188026647,0,1,0.5930082376053291
0.0,0,1,0.7165244443402099
0.0,0,0,1.2542359698739978
6.1120944991067585,0,0,0.22418899821351773
0.0,0,0,0.696072288893973
4.288433998920831,0,1,0.5768679978416618
0.0,0,0,2.705569399352456
0.0,0,0,1.2173710641176716
0.0,0,0,0.755964381510041
4.142325031537492,0,1,0.28465006307498514
2.3205689581911795,0,1,0.6411379163823588
2.162807058509811,0,0,0.32561411701962234
4.9959436599443405,0,0,1.9918873198886817
13.36142595058576,0,1,0.7228519011715188
1.0140903784575175,0,1,0.028180756915034844
0.0,0,0,0.2070235352415358
0.0,0,0,0.5662641958421519
17.087853116390406,0,1,0.17570623278081457
2.411820777541565,0,1,0.8236415550831299
9.10915373425712,0,1,2.2183074685142397
19.010402429955825,0,1,0.020804859911646326
4.630869428577445,0,1,1.2617388571548898
0.0,0,0,1.5378388281669475
0.0,0,0,1.539392118169033
0.0,0,0,0.8037549298919551
2.208522887520366,0,1,0.41704577504073165
0.0,0,1,1.0781459859289233
0.0,0,1,0.7600749534490585
0.0,0,1,3.161382793905621
0.0,0,0,0.2092121744493331
18.625962398671845,0,1,3.2519247973436918
7.78248705409285,0,1,1.5649741081856992
0.0,0,1,2.1599290537905613
16.67117435562519,0,0,1.3423487112503825
0.0,0,1,0.14212191749384503
0.0,0,0,0.17768891882984295
0.0,0,0,0.3302471446689643
0.16031669461868675,0,0,0.3206333892373735
9.005216027678477,0,0,0.010432055356954757
0.0,0,0,0.17999714441219447
0.0,0,1,0.764586155443284
0.0,0,1,0.697184140881439
7.101986508219694,0,1,0.20397301643938834
0.0,0,1,0.7585739768697388
0.0,0,0,0.4524134068086685
0.0,0,1,0.885119149571831
0.0,0,0,0.27760998336787346
12.327257015536626,0,0,0.654514031073251
0.0,0,1,1.9103481803701674
8.31288072186883,0,0,0.6257614437376587
0.25544685585038485,0,1,0.5108937117007697
0.0,0,1,0.41968461303994514
0.0,0,0,1.134872879787365
0.6097647468968901,0,0,1.2195294937937802
11.312206155337035,0,0,4.62441231067407
0.4954560788686626,0,1,0.9909121577373252
0.0,0,1,0.32321555709040395
22.324011357747544,0,0,0.6480227154950847
0.15012508735210167,0,0,0.30025017470420334
0.0,0,1,0.34184228998580163
17.33580157481438,0,1,0.671603149628756
7.989328879219719,0,0,3.978657758439438
0.0,0,1,0.3626113156510306
4.810685583830213,0,1,1.6213711676604254
0.0,0,1,2.765131935602606
0.0,0,0,0.5621746939996178
0.4614519495449796,0,0,2.922903899089959
0.0,0,1,1.2687458124879425
0.0,0,0,1.4031546060364037
14.119802845863488,0,0,0.23960569172697596
0.0,0,0,3.4927190149260197
0.0,0,1,2.2862846310965277
0.0,0,1,0.24293913163374253
1.769412810917324,0,0,1.5388256218346479
0.0,0,0,1.2376004090052803
0.0,0,1,0.05539907638187967
0.0,0,0,0.016423046275620756
8.619335413463352,0,0,1.2386708269267024
0.0,0,0,1.3227140045784977
0.0,0,1,0.24677631610971204
2.000710172993537,0,1,0.0014203459870736612
0.0,0,1,0.001980410352653872
0.0,0,0,2.444870836894579
16.01261057617055,0,1,0.025221152341104166
1.5934236050757196,0,0,1.1868472101514391
0.0,0,1,0.6715392250403188
4.401700751378286,0,1,2.8034015027565715
2.8114119983765837,0,0,1.6228239967531672
0.0,0,0,0.19045788440632339
5.297472146681031,0,0,0.5949442933620621
0.0,0,0,1.4879473900313152
11.651354391793728,0,1,1.3027087835874558
9.040451921385515,0,0,0.0809038427710285
0.0,0,1,1.0715410927907543
0.0,0,0,0.31982786597365204
10.25176397890303,0,1,0.5035279578060596
0.0,0,0,0.23466535675967248
0.2909339858622271,0,0,0.5818679717244541
0.6191568052549992,0,1,1.2383136105099983
0.0,0,0,0.3909855252800453
0.0,0,1,0.11824840934874926
5.15402013074095,0,0,0.3080402614819
3.2169052901360593,0,0,0.4338105802721187
7.7663011332364915,0,0,1.5326022664729835
3.1541798969977703,0,0,0.30835979399554114
0.0,0,1,2.041516564091993
0.12148760567467255,0,0,0.2429752113493451
0.0,0,0,2.2901378698365074
6.161813757833619,0,0,0.3236275156672381
3.3504101621430564,0,1,0.7008203242861131
0.0,0,0,0.04229915983501575
0.0,0,0,0.43006470151560716
0.6126349731890982,0,0,1.2252699463781964
0.21014995770750408,0,1,0.42029991541500816
15.024040579759067,0,0,0.048081159518132
0.06627201921399974,0,1,0.13254403842799947
11.441943317581162,0,1,0.8838866351623234
0.0,0,0,0.39457460328181065
0.0,0,1,3.2229953322302243
0.0,0,0,0.4200817766400229
2.307354014363753,0,0,0.614708028727506
8.318942641635152,0,0,0.6378852832703023
6.867111462701523,0,1,1.734222925403046
17.30455274290402,0,0,0.6091054858080387
0.0,0,0,0.43610688819112675
5.837703887913035,0,0,1.6754077758260695
0.0,0,0,0.3592239648608902
4.5234054239812975,0,0,1.0468108479625955
0.0,0,1,1.3358469577265277
0.0,0,1,0.5584724701844765
6.268399545283301,0,1,0.536799090566601
0.0,0,0,0.8159350170564177
0.0,0,0,1.191482314939531
0.0,0,0,0.219646479375048
19.12128841003283,0,0,0.24257682006566023
0.0,0,0,0.8751407627456476
0.5575775097809047,0,0,1.1151550195618094
8.041272857409528,0,1,0.08254571481905373
0.0,0,1,0.34508763872002624
13.112270942764026,0,0,2.2245418855280503
0.0,0,1,0.51419609096981
0.0,0,1,0.35035202284288186
0.3621896954705733,0,0,0.7243793909411466
0.0,0,0,0.05168395482148033
0.0,0,0,1.7598229084032304
1.0225774604158944,0,0,0.04515492083178875
0.0,0,0,0.12460761806219675
8.21117084583396,0,0,0.4223416916679204
0.0,0,1,1.5196911761783949
14.446204259458812,0,1,0.8924085189176223
3.7289082733738446,0,1,1.4578165467476893
5.451031810672044,0,1,0.9020636213440866
4.148149299674328,0,1,0.29629859934865616
0.0,0,0,0.3225974559730791
10.825976285168027,0,0,1.6519525703360551
0.0,0,1,0.1833518654768096
7.041252810266195,0,1,0.08250562053238947
6.230485719154046,0,0,0.46097143830809273
0.5595395492725416,0,1,1.1190790985450831
0.0,0,1,0.5676775252827414
0.0,0,1,0.2688981897330519
0.0,0,1,0.34589133263263716
0.18030101743386406,0,1,0.3606020348677281
7.676396304099296,0,1,3.352792608198593
0.0,0,1,0.7606494071700944
12.025006547079585,0,0,2.0500130941591683
2.3735197203869607,0,0,2.7470394407739214
3.424929763012398,0,1,2.8498595260247956
14.267534035016512,0,1,0.5350680700330243
0.0,0,1,0.7762249586435285
0.0,0,1,0.5110230039527094
0.06197700996356497,0,1,0.12395401992712994
10.2123792121084,0,1,0.4247584242168012
8.242688569284558,0,1,0.48537713856911513
0.0,0,1,0.529250530100691
0.0,0,0,1.155032342241562
4.37521899197679,0,0,0.7504379839535794
8.196927993589808,0,0,0.39385598717961556
0.0,0,1,0.20451106985283662
0.0,0,1,0.45002617194741884
0.11730303078020388,0,1,4.234606061560408
0.0,0,0,1.6572803394261626
3.3464321625981883,0,0,0.6928643251963766
0.0,0,0,0.12928232900454692
0.0,0,1,0.5662652024847195
0.0,0,0,1.257714546252506
0.0,0,0,2.800965632071081
7.195030752162871,0,1,0.39006150432574066
0.0,0,0,0.1470031775283729
7.035681767853925,0,0,0.07136353570784956
0.0,0,1,0.051764120677639795
0.0,0,1,0.36720470824856655
6.60852777292562,0,1,1.2170555458512395
0.0,0,0,0.6571963771256983
0.0,0,1,1.2679487543656613
0.0,0,1,0.6254743025279514
9.05850730484337,0,0,0.11701460968674168
0.0,0,1,0.8059502278948859
0.0,0,0,0.16210694886402952
2.2031537897092557,0,1,0.40630757941851164
1.7400017134455412,0,0,1.4800034268910824
0.0,0,0,2.4682383358002453
0.0,0,1,0.38615692326950346
4.028238892083232,0,1,0.056477784166463776
16.322694687060736,0,0,2.645389374121469
0.0,0,1,0.34346073105618435
3.1602248609158057,0,0,0.320449721831611
0.0,0,0,0.14239287201191236
0.0,0,1,0.27143650973719446
12.766103620138171,0,1,1.5322072402763425
0.560999611604508,0,1,1.121999223209016
0.0,0,0,4.539473964228048
1.0011015806927763,0,1,2.0022031613855527
0.0,0,0,1.2556791335892112
0.0,0,1,0.29001606590859
0.0,0,1,0.004110316739997001
4.020917234377976,0,1,0.041834468755952876
0.0,0,0,0.6066990965249683
0.0,0,0,0.03934541761586479
0.0,0,0,1.8605566988512101
0.0,0,0,1.0849493694138808
0.9848365206450767,0,1,1.9696730412901533
0.0,0,1,2.4709076281453926
0.0,0,0,0.4674034381981608
0.0,0,0,1.0588324569285603
0.0,0,0,1.7752147970354688
0.0,0,1,1.4272109355502562
0.0,0,1,0.3563186844277667
0.0,0,1,0.49329991904894616
5.833244472848397,0,0,1.666488945696795
7.115506971151081,0,0,0.23101394230216243
1.118376470427567,0,1,0.23675294085513382
0.0,0,0,1.2647090953970865
0.0,0,0,0.24476361932964188
0.0,0,0,0.09096589580585719
0.0,0,1,0.6217619609830275
0.0,0,1,0.08736499107085789
19.906228434358702,0,1,1.812456868717407
6.174529695106694,0,0,0.3490593902133882
6.834812791129089,0,0,1.669625582258177
12.50358690060127,0,0,1.0071738012025406
0.27459663913871274,0,0,0.5491932782774255
2.0158658647325507,0,1,2.0317317294651014
3.182492775671987,0,1,2.3649855513439735
2.008897753304321,0,1,0.017795506608641418
0.054436659922103114,0,0,4.108873319844206
10.230611102728549,0,0,0.4612222054570961
7.546047886913106,0,0,1.0920957738262131
0.0,0,1,2.4507830444647407
2.7283465669859632,0,1,3.456693133971927
0.0,0,0,0.3528723164458667
0.0,0,1,0.34154661935371117
4.321972034570155,0,0,0.6439440691403105
1.5378506041869466,0,1,3.0757012083738933
7.290340860155342,0,0,0.5806817203106839
1.0665215600801146,0,1,0.1330431201602289
0.0,0,0,0.1077933463597375
15.048117651566399,0,1,0.0962353031327961
0.0,0,1,0.3304546689379631
3.9255793715573692,0,0,1.8511587431147383
0.0,0,0,1.9411685112392585
0.0,0,1,0.025273943869348826
0.0,0,0,0.8277264511325394
18.04569115189793,0,1,0.09138230379586267
0.0,0,1,1.568016178055818
0.0,0,1,0.8405430676908399
0.0,0,0,0.5411593216857419
0.00991071516935969,0,1,0.01982143033871938
13.260368535328762,0,0,2.5207370706575234
0.0,0,0,1.5755307041772433
0.2449030677671582,0,0,0.4898061355343164
0.5276621810917042,0,1,1.0553243621834083
3.018735082196173,0,1,0.03747016439234574
0.0,0,1,0.07161100884606124
6.866236118654262,0,1,1.7324722373085237
0.0,0,0,0.3367450143316435
0.0,0,0,1.51751913795432
21.317218113265284,0,1,0.6344362265305686
2.0413517711463722,0,1,4.0827035422927445
0.0,0,0,1.6741573345384577
11.156434586674703,0,1,0.3128691733494046
0.0,0,1,0.06527823803035154
2.076594070788975,0,0,0.15318814157794994
10.612671251779341,0,0,1.2253425035586811
12.136573124278057,0,1,2.2731462485561122
0.0,0,0,1.1474341814500335
3.51431492714286,0,0,1.0286298542857204
0.0,0,0,0.29830370462780403
1.7533685669742693,0,1,1.5067371339485387
1.1300788352921096,0,1,2.2601576705842192
0.0,0,1,1.3411374200147494
0.0,0,1,0.1859561265098117
0.0,0,1,1.546658485667316
0.0,0,1,0.7409975096028367
1.550119201995696,0,0,3.100238403991392
11.872885363240169,0,0,1.7457707264803364
0.8136286898426021,0,1,1.6272573796852041
0.0,0,1,0.6557745632944021
0.0,0,1,0.9319008951700318
0.0,0,1,0.16516065788471407
5.077212520122032,0,1,0.15442504024406406
2.477615998053836,0,1,0.9552319961076722
17.001262206530512,0,0,0.0025244130610252227
10.874140089784131,0,1,3.7482801795682636
6.207960351461149,0,1,0.4159207029222973
0.0,0,1,0.1681961944500332
5.456527568225031,0,1,0.9130551364500618
0.0,0,1,3.6402100068086556
2.0613718740111917,0,1,0.12274374802238357
4.1868928201464035,0,1,0.37378564029280753
0.0,0,0,0.2158265572671337
7.093660789138819,0,1,0.18732157827763754
0.0,0,0,1.3354167730621493
0.0,0,1,0.09889947540276081
6.706583907428856,0,0,1.413167814857711
6.408681850856243,0,1,0.8173637017124856
0.0,0,1,1.26986697222867
0.0,0,0,0.9556845781503484
7.099034304968979,0,0,0.19806860993795747
0.0,0,1,0.8204897814898783
0.0,0,1,0.43118025310084396
0.0,0,0,0.35463060649465894
0.0,0,1,0.3865899442033584
12.244515243217466,0,0,2.489030486434931
0.0,0,1,1.3179268635220607
0.0,0,1,0.7565079598313673
0.0,0,0,0.8056500974685947
0.0,0,0,0.9426861674117825
27.750301609195446,0,0,1.5006032183908895
0.0,0,1,1.521398821251519
9.923548953856551,0,1,1.847097907713103
0.0,0,0,0.8060108923945427
6.272946285303893,0,0,0.5458925706077846
8.295365644823285,0,0,0.5907312896465698
9.3130275904348,0,0,0.6260551808696001
0.0,0,0,1.6955087068644883
0.0,0,0,0.3255020163135865
0.0,0,0,1.186569615284622
5.100788640032719,0,0,0.20157728006543765
3.613777451794021,0,1,1.2275549035880422
0.0,0,0,0.2792791438933348
0.0,0,1,0.4694995513830024
0.0,0,0,0.28807783853919416
1.0680362774244083,0,1,0.13607255484881658
0.0,0,1,1.4332965623580929
0.18303364152938956,0,1,0.3660672830587791
0.0,0,1,1.6795329086069954
0.0,0,1,1.331811590057244
7.908949662209531,0,1,1.817899324419063
0.0,0,1,0.8818545452502464
8.338783890416225,0,0,0.6775677808324493
0.0,0,0,0.4592317100094772
0.0,0,0,0.1919777274316544
1.1497566586509786,0,1,2.2995133173019573
0.0,0,1,1.503487331286429
0.0,0,1,0.4300641870967361
7.22329519167305,0,0,0.44659038334609996
4.407568376860064,0,0,0.815136753720128
6.0151094433251435,0,1,0.03021888665028778
16.697176007838433,0,0,3.3943520156768647
0.0,0,0,0.7931210397478166
0.0,0,1,0.944328395991058
0.0,0,1,2.0289538424947504
4.059700218798169,0,0,0.1194004375963393
0.0,0,0,1.2163978934186477
6.12554500407537,0,0,0.25109000815074095
0.0,0,0,0.1478681132531484
0.0,0,0,0.4682731415057413
4.02600303638976,0,0,2.0520060727795197
0.5645445473273186,0,1,1.1290890946546372
0.0,0,0,1.4239029064523316
10.759394490483036,0,0,1.5187889809660726
0.0,0,0,0.5801947085451441
3.7748988748712176,0,0,1.5497977497424353
14.321403432281908,0,0,0.6428068645638166
0.0,0,1,0.45213606685774155
0.0,0,1,0.009522026853846052
20.487774521627617,0,1,0.9755490432552358
0.0,0,0,1.491404691074591
0.0,0,0,0.11459474454542509
0.0,0,0,0.43019766127269937
0.0,0,1,0.8085589798146725
0.0,0,0,0.12295733648469175
0.0,0,0,3.0150448514470005
1.0316649858217783,0,0,0.06332997164355686
14.04478660713068,0,1,0.08957321426136076
0.0,0,0,1.0046057371803796
4.115531664964142,0,1,0.2310633299282845
0.0,0,0,0.45047307067692727
0.0,0,0,0.13883068759010295
0.0,0,0,2.4890831694815
0.0,0,0,0.07032911848294399
0.0,0,1,0.6261151167207782
6.349234564814656,0,1,2.6984691296293124
3.2477762054668853,0,1,0.49555241093377067
0.0,0,1,0.23929164685340096
0.0,0,0,2.5609174784218647
0.0,0,0,0.5304978207775591
0.0,0,1,0.10001074329575033
0.0,0,0,0.7462117854716067
0.0,0,0,0.5119316578027273
0.0,0,1,1.199098379491352
0.239514646298976,0,1,0.479029292597952
0.5036492155322763,0,1,1.0072984310645525
0.7482911365877981,0,1,1.4965822731755962
0.0,0,0,1.5525764098396717
0.8525444465709696,0,1,1.7050888931419392
0.0,0,1,0.8586983748989956
6.0201375703875115,0,0,0.040275140775022866
0.0,0,0,0.7423405123821148
4.290124225581362,0,1,2.580248451162724
4.627707888785824,0,1,1.2554157775716477
4.307526985832098,0,1,0.615053971664196
0.0,0,1,0.4032769933048145
0.0,0,0,1.3554715995888278
0.0496361523282717,0,1,0.0992723046565434
0.0,0,0,1.5982799577597027
0.0,0,0,0.41368188846384063
0.0,0,0,0.5259965311536445
0.0,0,0,0.14351749763196342
6.527152392662009,0,0,3.0543047853240184
0.0,0,0,0.3659752449025376
0.0,0,0,0.3583794126498715
0.0,0,0,0.3226493920118904
0.0,0,1,3.2551245911146065
0.0,0,0,0.30337526954789623
7.117472496514192,0,1,0.2349449930283832
0.0,0,0,1.602110278557488
0.0,0,0,0.5413133225588206
16.229070448854777,0,1,0.4581408977095535
11.329747234631355,0,1,0.6594944692627107
8.521489838632895,0,0,1.0429796772657898
0.0,0,1,0.7138854070946588
1.3807132839375214,0,0,2.7614265678750427
0.38596665526465973,0,0,0.7719333105293195
0.0,0,0,1.1340393637428858
0.0,0,0,1.3249861422198994
0.0,0,1,1.1599576405548226
7.893387681727999,0,0,1.7867753634559973
0.0,0,1,1.113445788295189
0.14491956883347828,0,0,0.28983913766695657
11.926927363277262,0,1,3.8538547265545233
0.0,0,0,0.04462692905023227
0.0,0,0,0.09268313881518701
5.204370191204974,0,0,0.4087403824099465
0.0,0,1,0.18271651569226877
0.0,0,0,0.2685110845978825
0.0,0,1,0.13017983183044185
0.33709372309092656,0,1,0.6741874461818531
7.496101641767291,0,1,0.9922032835345818
0.0,0,1,0.8637039742068688
0.0,0,1,1.2750042109134565
0.0,0,0,2.346304056240395
9.133977798509388,0,1,0.2679555970187752
0.22744368254702022,0,0,0.45488736509404043
0.0,0,1,0.5742063773665498
7.015267927335709,0,0,0.030535854671418432
0.0,0,1,0.3928544904919334
10.518841012485012,0,0,1.037682024970023
0.0,0,0,1.4229637357780909
0.0,0,0,1.9392668805902313
0.0,0,1,0.6005388914714885
0.0,0,0,0.060576182666440534
6.4362680481851395,0,0,0.87253609637028
0.0,0,1,0.9536854939202681
0.0,0,0,0.3920026488628183
0.0,0,0,0.5539681409917393
0.0,0,0,0.1707892511879628
4.260474895831343,0,1,0.5209497916626858
16.526561244653735,0,0,1.0531224893074689
0.0,0,1,1.9166690894175413
0.0,0,0,0.04502323183191852
16.75951157024446,0,0,1.5190231404889185
0.0,0,1,1.770554649104406
0.08931713775007326,0,1,0.17863427550014652
25.520351310977816,0,1,1.0407026219556326
6.433486416427242,0,0,0.8669728328544846
0.0,0,0,0.10259570328796319
0.0,0,0,0.41714080019751554
0.0,0,0,0.08094713069650711
0.0,0,1,4.728173441944448
0.0,0,1,3.8292515771630393
0.0,0,1,0.7171952340201743
0.0,0,1,0.23679104527178643
0.0,0,1,0.23530840228593822
2.5125192805357273,0,0,1.0250385610714545
0.0,0,0,0.20963806304933152
4.348515341801132,0,1,4.697030683602265
5.260806383757182,0,0,0.5216127675143645
0.0,0,1,0.5933422269129391
0.0,0,0,0.22131290290728717
17.020740528279575,0,0,0.04148105655915161
0.0,0,1,0.14556321715229456
0.0,0,1,1.158772959332061
0.0,0,0,1.9643015646541946
0.0,0,0,0.6522435292922265
5.554415454838342,0,0,1.1088309096766833
18.03328717127835,0,1,0.06657434255670028
14.35475042472367,0,0,0.7095008494473426
14.029087840329584,0,0,0.05817568065916735
16.071221500363826,0,1,0.14244300072764926
0.0,0,0,0.6919096126356847
0.0,0,1,0.8647467856056366
6.646339833176639,0,0,1.2926796663532787
0.0,0,0,0.10154098273592654
0.0,0,0,1.1294238335942828
0.0,0,1,0.0767803181184572
10.172871633947375,0,1,0.34574326789475057
0.0,0,0,0.6684007463837891
0.0,0,1,0.06641701600687293
0.0,0,1,0.4687862787657849
0.0,0,1,0.9421716437572675
0.0,0,1,0.6368420721382557
0.0,0,0,0.03960935781571894
1.9148103099144005,0,0,1.829620619828801
0.0,0,1,1.707275117754452
0.0,0,1,0.8187446112906226
2.167684365258736,0,1,0.3353687305174724
0.37707991726721096,0,0,0.7541598345344219
0.0,0,0,1.2024672633665354
11.809002533268995,0,1,1.6180050665379901
0.0,0,0,1.198202789526024
7.058833679376713,0,0,0.11766735875342649
0.0,0,0,1.1899973653511928
0.0,0,1,0.10581156338725009
0.0,0,0,1.8236753392409923
0.0,0,0,0.1127703512369718
0.0,0,1,1.935646306015903
10.024118751713369,0,0,0.048237503426736585
0.0,0,1,0.14426453983634888
3.164527382185328,0,0,0.3290547643706556
9.258976933602511,0,1,0.5179538672050233
8.871029843197437,0,1,1.7420596863948732
0.0,0,0,3.9895131996149393
0.0,0,1,1.4214778500267748
0.0,0,1,0.9210795438941091
0.0,0,0,1.4700709283006166
0.0,0,1,0.9200986150348763
4.210469061199921,0,0,2.4209381223998423
9.14422775093137,0,1,2.2884555018627384
1.0492937200803465,0,0,0.09858744016069283
0.0,0,0,1.6899178723917818
14.156403906796921,0,1,0.3128078135938422
0.0,0,0,0.10272325816867546
2.2154192389167076,0,1,0.4308384778334148
0.0,0,0,0.3076345629857157
0.0,0,0,0.23792853788963048
14.080351623682246,0,0,0.1607032473644901
0.0,0,1,0.22502466761972287
0.0,0,0,1.3238692620677641
0.0,0,1,0.5084405906595622
10.3174486594172,0,0,0.6348973188344027
2.9515801928654057,0,1,1.9031603857308115
0.0,0,1,1.3387520221201172
0.0,0,1,0.040384823058137446
0.0,0,1,2.5977249881319384
0.16196049456356115,0,0,0.3239209891271223
4.147069689385576,0,1,0.29413937877115326
15.046387077742622,0,0,0.09277415548524348
0.0,0,1,0.8662686506330012
0.0,0,0,1.841607547897185
0.0,0,0,0.41702669128581377
0.0,0,1,0.22393071257839026
16.326538385135418,0,1,2.653076770270833
0.3295037458860921,0,0,0.6590074917721842
7.455312837261056,0,0,0.9106256745221133
11.273477888590103,0,1,2.546955777180205
0.0,0,0,1.2210794949164592
5.043726871496124,0,0,0.08745374299224797
7.565740814774458,0,1,1.1314816295489143
0.0,0,0,1.0129279641340736
0.0,0,0,0.3683427619777106
0.0,0,1,0.8731476847584917
6.016162816196518,0,0,0.032325632393036166
0.0,0,1,0.13699423377560446
21.128532286184498,0,0,0.2570645723689946
1.9682661614125245,0,0,1.9365323228250488
0.0,0,0,0.12729129667113664
4.529460203295923,0,0,1.0589204065918452
0.0,0,1,0.833168055727259
0.0,0,1,0.14125201625417128
0.0,0,0,0.2378094003901064
1.1138895188098037,0,0,0.22777903761960747
0.0,0,1,0.10662677850606951
12.182440912535174,0,0,0.36488182507034883
5.506305226027474,0,1,1.012610452054948
0.0,0,1,1.3760738053783301
0.0,0,1,0.2838814556215036
0.0,0,1,0.5539449191554394
20.466101243512064,0,0,2.932202487024128
0.0,0,1,1.282935187000172
0.0,0,1,0.35954795018438335
0.0,0,0,1.423531435869188
0.0,0,1,1.2429295455865021
4.0964696372674405,0,1,0.19293927453488116
10.43510035908467,0,0,0.8702007181693386
0.0,0,0,0.2184693217507263
0.0,0,0,2.8662581410752797
0.0,0,0,0.5724196040694849
5.827180299695055,0,1,1.6543605993901094
8.301013568115687,0,0,0.6020271362313726
0.0,0,1,1.4055293055449833
0.0,0,1,1.3058539951082428
5.333078070709495,0,0,0.6661561414189897
0.0,0,0,1.4677529190750696
15.198008906948045,0,0,0.39601781389608937
0.0,0,0,1.75491691404955
0.0,0,1,1.6980158740736768
0.0,0,1,1.199805450997999
2.118349587295784,0,0,0.23669917459156775
0.0,0,1,0.058923878153673136
3.0391557587479987,0,1,0.07831151749599755
0.0,0,0,2.627087507024542
0.0,0,1,0.7038111755952439
0.0,0,0,0.42586753424350304
0.0,0,1,0.9383723779425917
8.274567222973303,0,0,2.549134445946606
0.0,0,0,0.7316345132331302
0.19086292130430865,0,1,0.3817258426086173
0.0,0,0,0.8934783333014638
5.459210119387969,0,0,0.9184202387759396
0.0,0,1,0.009927132836770554
0.4617295814852225,0,0,0.923459162970445
0.0,0,0,0.7106517941693108
7.481467379538691,0,0,0.9629347590773814
0.0,0,0,3.263006368516972
6.255747646024418,0,0,0.511495292048836
12.734543049572263,0,1,1.4690860991445263
5.121268834942015,0,1,4.24253766988403
0.0,0,0,0.7658122759131091
3.6355213579675505,0,0,1.2710427159351008
11.771847346202149,0,1,1.543694692404299
0.0,0,1,0.36535415312310016
1.3774621138482186,0,1,0.7549242276964371
0.0,0,1,1.899578952383987
0.0,0,1,0.8596497188622868
9.609851153958008,0,1,3.219702307916015
0.0,0,1,0.0050580069523405765
3.2987039393022712,0,0,2.5974078786045425
0.0,0,1,0.7566935516400772
2.0121935192030924,0,0,0.024387038406184714
13.724433219386375,0,1,1.4488664387727512
0.0,0,0,0.2502297235682222
4.197076409068544,0,1,0.39415281813708863
3.4224914614689967,0,0,0.8449829229379936
0.0,0,1,1.7787845673441312
0.0,0,0,0.3460322336107585
3.7754570539217167,0,0,1.5509141078434336
0.0,0,0,0.07577399997043548
0.0,0,0,0.3969420366744028
0.0,0,0,2.1507719072580294
7.104394292176421,0,0,2.2087885843528423
0.0,0,0,0.9176637425846528
0.0,0,1,1.4634946017910178
0.0,0,0,0.9003965986446643
0.9200350705312093,0,0,3.8400701410624185
0.0,0,1,0.28401351812803366
0.0,0,0,1.1041040021363346
0.0,0,1,0.6106066905138694
0.0,0,0,0.6030514803282404
0.0,0,1,3.041842098412403
0.11567863546237356,0,1,2.231357270924747
0.0,0,0,1.5695346492439461
0.0,0,1,0.8369633681628936
7.025426414179581,0,0,2.0508528283591607
9.707182949835406,0,1,1.4143658996708137
0.0,0,0,0.12354884179739825
0.0,0,0,0.3890648236799899
3.128346794089176,0,0,0.25669358817835164
0.0,0,1,0.34038880462731924
0.0,0,0,0.25695721932376553
14.643881069807396,0,1,1.2877621396147927
4.848032308122345,0,1,1.69606461624469
0.0,0,0,1.5285576188641428
0.0,0,0,1.4169254230744512
0.0,0,1,1.9440324900566723
2.3268905209711614,0,1,2.653781041942323
13.001811810955765,0,1,0.003623621911529399
0.0,0,0,0.06545224975324432
19.429727590787532,0,1,0.8594551815750673
0.0,0,1,0.5283837184793981
0.0,0,0,0.6954591022955032
0.0,0,1,0.45670204600751024
3.1252392983889226,0,1,0.250478596777845
6.184682243881149,0,1,0.3693644877622977
0.0,0,1,2.567508430967177
5.763138391279074,0,0,1.5262767825581476
0.0,0,1,1.2803176354183752
7.258376514682255,0,1,0.5167530293645106
0.0,0,0,1.3072039624733451
16.071112448292137,0,0,0.1422248965842733
20.0658926268164,0,0,0.13178525363279944
3.778169947661558,0,1,1.5563398953231158
16.356176909140114,0,0,0.712353818280229
0.0,0,1,4.3806571006061725
5.2521103885647,0,1,0.504220777129399
0.0,0,1,1.0164514732135255
16.113744988433464,0,1,0.22748997686692735
1.1030017794145015,0,1,0.2060035588290029
6.5933977216775155,0,0,1.1867954433550312
0.0,0,0,0.8296255653449597
0.0,0,0,0.5316941863939663
0.0,0,0,0.965290584106724
21.629425325411873,0,0,1.258850650823743
6.021331924581727,0,1,0.04266384916345402
0.0,0,1,0.08042043359861321
0.0,0,0,0.3321646712341171
0.0,0,0,1.0840655790814286
0.0,0,0,0.31323596787086244
0.0,0,0,0.2743273879155477
7.734637260746354,0,0,1.4692745214927068
0.0,0,1,0.1706381644085135
11.93951405970012,0,0,1.8790281194002374
4.006470873518412,0,1,0.012941747036822833
0.0,0,0,2.112768104263298
0.0,0,0,3.4622822738856676
0.09931883721838915,0,0,0.1986376744367783
10.10681018135649,0,0,0.2136203627129796
0.0,0,0,1.0224992746355286
0.8689006482017433,0,0,1.7378012964034866
7.298713946556258,0,1,0.5974278931125149
0.0,0,0,0.17477333897565525
12.217359059511539,0,1,0.43471811902307766
0.0,0,0,0.4446340463257727
0.0,0,0,0.2391573798996385
0.0,0,1,2.5506846121352114
4.050812915874447,0,0,0.10162583174889463
14.281784876881034,0,0,0.5635697537620685
0.0,0,0,2.9061481364337274
0.0,0,0,1.00835551540689
11.179660898438684,0,1,0.3593217968773685
0.17352794938605892,0,0,0.34705589877211784
0.08026828704036085,0,1,0.1605365740807217
0.0,0,1,1.6419973784567636
0.0,0,1,1.1726621735377463
0.0,0,0,0.25293253616404066
1.358748513350925,0,0,0.7174970267018498
9.399582710272327,0,1,0.7991654205446552
9.011164577307978,0,0,0.022329154615956814
0.0,0,1,0.4718860060808182
0.0,0,1,1.4517292571231675
0.664682186211045,0,0,1.32936437242209
5.0905031764041935,0,0,0.18100635280838612
8.08765083324468,0,0,0.1753016664893594
0.0,0,0,0.3636714209176465
9.561745582235394,0,0,1.1234911644707872
0.0,0,0,0.22664432701445514
0.0,0,1,0.35496015976803197
0.0,0,1,1.3034456321190806
0.0,0,1,1.771635568834198
0.0,0,1,0.24651145690944518
3.245063062954763,0,1,2.490126125909527
11.177273233182275,0,1,0.35454646636454945
8.185446106920326,0,1,0.3708922138406501
1.39173505079189,0,0,0.7834701015837797
0.0,0,1,0.3715362825098211
8.138117087644817,0,1,0.27623417528963506
0.0,0,0,0.0801601029903673
0.0,0,1,0.005707183142437668
0.0,0,1,2.1227987508320187
4.116922013666301,0,1,2.2338440273326006
0.0,0,1,1.9586132037818835
7.561862162504444,0,0,3.123724325008888
13.290261712563154,0,0,0.5805234251263074
0.0,0,0,1.6582413992696634
0.0,0,0,0.7845412954352698
9.29737880737561,0,1,0.5947576147512218
0.0,0,0,0.015123173336808349
1.1795479078744124,0,0,0.35909581574882504
9.337795787715363,0,1,0.6755915754307269
4.69331160750383,0,0,1.3866232150076596
0.0,0,1,1.1595122753155909
0.0,0,0,2.364405234753609
3.238434848382966,0,0,0.4768696967659322
1.1765897003718269,0,0,2.3531794007436537
0.0,0,0,0.6188043048394345
10.87623048121919,0,1,1.7524609624383802
0.0,0,1,0.8108115947862377
0.0,0,1,1.7316183958221794
0.0,0,1,1.387229758452736
5.1592323195864065,0,1,0.3184646391728125
3.0746503756624874,0,0,0.1493007513249749
1.3224513230231216,0,1,0.6449026460462431
5.486148406515145,0,1,2.9722968130302907
12.07031186275439,0,1,0.14062372550878244
0.405930860893554,0,1,0.811861721787108
12.280252076881242,0,0,0.5605041537624846
23.514468333689358,0,0,1.0289366673787168
0.0,0,1,0.20016971652275278
0.0,0,0,1.2963526602851931
4.172753744547402,0,1,0.34550748909480294
0.0,0,0,1.0085892243367163
0.0,0,1,1.4115106733514808
7.597107218341574,0,1,1.1942144366831486
0.0,0,1,1.4304158178225712
3.659993372053499,0,0,1.319986744106998
4.097704623893525,0,0,2.1954092477870497
0.0,0,1,0.37523058097149964
0.0,0,0,2.078877043625259
0.04186761525638344,0,1,0.08373523051276688
0.3863229107816256,0,0,0.7726458215632512
0.14804412589234237,0,1,0.29608825178468473
13.299454716886826,0,1,0.5989094337736514
18.74322551144533,0,0,1.4864510228906602
0.0,0,1,1.709523640897779
0.0,0,1,1.0558083087453323
2.2744766221662283,0,0,0.5489532443324567
0.0,0,0,0.06737226578606771
0.18564319035815455,0,0,0.3712863807163091
12.998944999299923,0,0,1.9978899985998464
0.0,0,1,0.12762840323476107
6.411992581309082,0,0,0.8239851626181638
3.094235863379353,0,1,0.18847172675870671
0.0,0,1,2.039946367651565
14.51358681758806,0,0,1.0271736351761207
15.218085826561884,0,0,0.43617165312376993
6.158403021305131,0,1,0.316806042610261
14.041504681325035,0,1,0.08300936265006931
0.0,0,1,0.004393246766088562
0.0,0,1,1.2776345608096058
0.0,0,1,1.0322348669120163
4.104509955523307,0,0,0.20901991104661352
0.0,0,1,5.419911211500097
0.0,0,0,1.8002820755453914
1.3796557668949418,0,1,2.7593115337898837
6.021895555000581,0,0,0.04379111000116192
0.0,0,1,2.8449612825791495
0.0,0,0,0.50725427420922
0.0,0,0,0.37360584728776053
0.0,0,0,2.509313937301475
0.0,0,0,0.3138782458320757
0.0,0,1,0.38595291760967576
2.1947903465721716,0,1,0.3895806931443429
0.0,0,0,0.6279711287639161
0.0,0,0,0.5667933237346312
0.0,0,1,1.0308620060228315
34.17318564704747,0,1,0.34637129409494294
0.0,0,1,2.1303131609920243
0.0,0,1,1.4494467979884604
0.011930989723241452,0,1,0.023861979446482905
7.576796176649473,0,1,1.1535923532989447
0.0,0,1,0.21824382178019552
0.13754087560250203,0,1,0.27508175120500405
3.315723720400223,0,1,0.6314474408004457
0.0,0,0,2.4905401949444603
0.0,0,1,0.8305643409153112
0.0,0,1,1.8153206557739479
0.0,0,0,0.39391289238942945
3.1013378647416325,0,0,0.20267572948326532
2.045548735547034,0,1,0.09109747109406835
11.446010731411961,0,1,0.892021462823924
0.0,0,0,3.745005946662153
0.0,0,0,1.2737790670435003
0.0,0,1,0.2465552472541138
10.38866744269674,0,0,0.7773348853934791
6.453645397081152,0,0,0.907290794162304
6.01373840223561,0,1,2.027476804471221
0.0,0,1,2.4007784267368613
0.0,0,0,0.10181515710402426
14.02265820142159,0,1,0.045316402843181516
0.0,0,1,0.27794173945646533
0.0,0,1,0.33273055573741517
0.0,0,0,2.1842212830405927
0.23847627151623488,0,0,0.47695254303246976
7.0856011311540925,0,0,0.1712022623081854
0.0,0,1,0.7067792325616907
0.0,0,1,0.5892505573329513
9.397884970195186,0,1,0.7957699403903732
0.0,0,0,0.261996568315709
0.0,0,0,0.4950543169352269
0.0,0,1,0.08654665619201142
0.0,0,1,0.7315048463365759
0.0,0,1,0.2565015903328538
12.602033587917488,0,0,1.2040671758349748
6.690928906613239,0,0,1.3818578132264778
12.064646868544623,0,0,0.12929373708924635
3.213504446469133,0,0,0.42700889293826616
0.0,0,0,1.1098965538591388
0.0,0,1,1.7668651832143156
0.0,0,0,0.3411669451931293
2.203253364207401,0,1,0.4065067284148019
0.0,0,1,0.010672223494538167
5.9596748758077736,0,1,1.9193497516155464
7.07949323023429,0,1,2.15898646046858
3.258063980993499,0,1,0.5161279619869977
11.316876193151405,0,0,0.6337523863028084
0.0,0,0,1.0063923979851814
0.14724909231484626,0,0,0.2944981846296925
0.08307076831432857,0,1,0.16614153662865713
16.3530798571581,0,1,2.7061597143162013
2.349186654664852,0,1,0.6983733093297043
1.1918277875630574,0,0,0.38365557512611503
0.0,0,1,0.7797008221662162
0.0,0,0,0.044229078245444746
0.0,0,0,1.0856350147478384
0.0,0,1,2.144270110047804
0.0,0,1,0.13274866973473154
5.834768928697464,0,0,7.6695378573949275
0.0,0,1,1.9580211568488033
0.0,0,1,0.15288112485431474
0.0,0,0,2.788239487087142
0.0,0,0,0.3517338156480247
0.09375881653549589,0,0,6.187517633070992
0.0,0,1,0.23474298175548008
5.146846989037411,0,1,0.29369397807482145
0.0,0,0,0.7869735054285767
0.0,0,0,1.8027932747816795
0.0,0,1,1.0411695274670902
0.0,0,0,1.0606425778583866
2.743325428474327,0,0,1.486650856948654
3.0715705650605836,0,0,0.1431411301211667
0.0,0,0,0.25092197708253355
6.012321718571641,0,1,0.02464343714328297
0.0,0,1,0.4586206201153315
0.0,0,0,1.11064584291078
11.064242599259709,0,1,2.1284851985194173
4.039654956566521,0,1,0.0793099131330409
0.0,0,1,1.040191032568672
1.2210393097285799,0,0,0.44207861945715954
0.0,0,1,0.8354308433723028
0.29590738816615403,0,0,0.5918147763323081
0.0,0,1,3.6997742043170403
0.0,0,1,0.5046880608902559
1.3430389803928784,0,1,0.686077960785757
0.0,0,1,0.09768267343283572
0.03352422424438895,0,0,0.0670484484887779
2.242611301628241,0,1,0.4852226032564821
0.0,0,0,0.6275814807977856
0.0,0,1,0.2716645297576263
0.0,0,1,0.2198814664208105
11.522439247807476,0,0,1.044878495614953
0.0,0,0,0.1119619835377754
0.0,0,1,0.5181174676964718
1.3120515342199957,0,1,0.6241030684399914
13.220729586607662,0,1,0.44145917321532574
5.021620947717311,0,0,2.043241895434623
7.2844938412019316,0,0,2.5689876824038627
0.0,0,1,1.4442233358922998
0.0,0,0,2.420966516000278
0.0,0,0,0.7341211995814704
21.473739314592727,0,0,0.9474786291854539
0.0,0,0,0.08862622835889458
0.11495290828976934,0,1,0.22990581657953868
1.4923892155225986,0,1,0.9847784310451975
0.0,0,0,0.9617986567605123
1.451421114138841,0,0,0.9028422282776817
0.0,0,1,0.27719799750155594
11.044054640734988,0,1,0.08810928146997711
0.0,0,0,0.2645444909065393
6.389631595611893,0,0,2.7792631912237855
0.0,0,0,1.5847865406506456
9.485390481902165,0,1,0.9707809638043288
0.0,0,0,0.44034188931291096
6.306870307559373,0,1,0.6137406151187444
3.8718795088225857,0,0,1.7437590176451714
0.5449071275933521,0,1,1.0898142551867043
2.1953618252762404,0,0,0.3907236505524808
0.0,0,0,1.5578157405200905
0.9469886752871254,0,1,1.8939773505742508
0.0,0,1,1.2103531682507815
7.1690034378614325,0,1,0.3380068757228646
0.0,0,0,0.555123257740629
0.0,0,1,1.7710513361682108
17.462512795596265,0,0,2.92502559119253
0.0,0,1,0.057400074688529056
0.00231660897529712,0,1,0.00463321795059424
4.514366087821176,0,0,1.0287321756423526
13.257155514774823,0,1,0.5143110295496474
9.041358129237338,0,0,2.082716258474677
0.0,0,0,0.3104631726122246
0.0,0,1,0.2738329274635863
0.0,0,1,1.5106849702144527
2.234646220292836,0,0,0.4692924405856718
0.0,0,1,0.09187800698866441
4.809937162694948,0,1,1.6198743253898953
26.169968651351127,0,0,0.33993730270225575
4.299706355313582,0,1,2.5994127106271625
0.0,0,0,0.11723480636878988
0.0,0,1,0.5348290252481751
5.327904734631396,0,1,0.6558094692627925
0.0,0,1,0.01629446379947191
5.5210212668838565,0,1,1.0420425337677133
0.8465382433012001,0,1,3.6930764866024
9.042143004339747,0,1,0.0842860086794938
0.0,0,0,0.38394828419887883
0.0,0,0,2.2632812498376946
0.0,0,1,0.46766279180833176
1.042042513491711,0,0,0.08408502698342224
23.2203534646669,0,0,0.4407069293337996
0.4486748395466816,0,0,0.8973496790933632
0.0,0,1,0.1401576551160886
0.0,0,1,0.5235543722729973
2.453275393174671,0,1,2.906550786349342
5.6125730825385025,0,1,1.2251461650770055
0.0,0,1,0.6905397154290156
0.0,0,0,0.9829566914237726
0.0,0,0,1.995939294162912
0.0,0,1,1.2704733094117553
18.783501426040427,0,0,1.5670028520808568
14.388810635810348,0,1,0.7776212716206952
0.0,0,0,0.25080307304303034
0.0,0,1,0.04082892601164059
2.371359977094122,0,1,0.7427199541882437
13.189825121968102,0,1,0.3796502439362029
0.0,0,0,0.9597256599029703
9.691444740011079,0,0,1.3828894800221594
0.0,0,1,0.04303162345862808
0.0,0,1,0.6846942613580913
1.3999450392128368,0,1,0.7998900784256736
6.100773244210676,0,0,0.20154648842135192
0.0,0,1,0.6287592279036557
3.1612772233028004,0,1,0.32255444660560073
0.0,0,1,0.9144799416766848
0.0,0,0,0.6588183304927205
0.0,0,1,0.22063144146517794
0.0,0,0,0.5223327652859938
13.359272136152645,0,0,0.7185442723052913
0.0,0,1,0.7934390268792688
0.0,0,0,1.587518962450279
0.0,0,1,1.04733245769187
8.00896856492627,0,0,0.017937129852542488
2.574911217324056,0,1,3.149822434648111
0.0,0,1,0.5991609075291139
0.0,0,0,1.4298967895866306
0.0,0,0,1.820547540493202
10.013550334387261,0,0,0.02710066877452298
7.732817963902075,0,0,1.46563592780415
2.6929072112975847,0,0,3.3858144225951694
0.0,0,0,0.08025026669421222
0.1127764917486353,0,0,0.2255529834972706
0.0,0,1,0.9326639999400748
0.0,0,1,2.534063175987187
0.0,0,1,0.6180040981208685
0.0,0,0,1.861291434195935
0.0,0,1,0.6104173801877059
5.845435745227559,0,0,1.6908714904551179
8.000719390369674,0,0,0.0014387807393484375
0.0,0,0,0.3548259492357753
1.1045576603228306,0,1,0.20911532064566135
0.0,0,1,2.6749368473716344
0.0,0,1,0.5929662397846414
0.0,0,0,0.66512641771077
1.0071220369881961,0,0,0.014244073976392204
0.0,0,0,0.9403600334700754
0.0,0,1,1.530520610833001
0.9712957395118366,0,0,1.9425914790236731
0.0,0,0,0.23353788246056256
20.23991052846326,0,0,2.47982105692652
4.217226472885196,0,0,0.43445294577039256
0.19089888851863368,0,0,0.38179777703726736
0.0,0,1,0.39815422241596987
20.370784039013103,0,1,0.7415680780262021
0.0,0,0,0.6479317789916925
2.7741797459604514,0,0,1.5483594919209025
0.0,0,1,0.5234608090094799
2.444956062148244,0,1,0.8899121242964875
0.0,0,0,2.376939586457789
2.2936962931736224,0,1,0.5873925863472447
0.0,0,1,0.09371515967441055
0.0,0,0,0.10166968551578194
4.171658987369427,0,1,0.34331797473885467
0.0,0,1,0.021033182949754314
6.187673838626242,0,1,0.3753476772524841
0.0,0,0,0.3470488682082679
0.0,0,1,1.9718813443013024
0.0,0,0,2.028158505614665
0.0,0,0,0.9210160477015158
3.350591314010361,0,1,0.7011826280207222
10.041782603753523,0,0,0.08356520750704703
0.13940002349470068,0,0,0.27880004698940136
1.3711414059720635,0,1,2.742282811944127
0.6051375392008569,0,0,1.2102750784017138
0.0,0,0,0.41866332783990845
0.0,0,1,1.3320481277515377
2.463031475870703,0,0,2.9260629517414056
0.0,0,1,1.1585485368472854
10.122719918469528,0,0,0.24543983693905602
0.0,0,0,0.25008724661632187
0.0,0,1,0.2513945095006911
0.253589999648496,0,0,0.507179999296992
1.2976267644341835,0,0,2.595253528868367
0.0,0,0,1.1250141944854755
10.291102368888339,0,1,0.5822047377766781
0.0,0,0,1.4977223694476276
0.0,0,1,0.4980577971364542
1.711855408009857,0,1,1.4237108160197136
0.0,0,0,0.3871750281578365
0.0,0,0,3.512915596672886
0.0,0,0,0.06980216431578319
13.010064569093798,0,0,0.020129138187595264
0.0,0,0,0.03828956596697391
1.3727309062920992,0,1,0.7454618125841982
8.543109888250926,0,0,1.0862197765018544
0.0,0,0,0.27303239461128187
0.0,0,0,0.08312786150306045
5.084345374387365,0,0,0.1686907487747287
16.365328964105505,0,0,0.7306579282110078
0.0,0,0,2.839510813222109
0.0,0,1,0.34042503785549333
0.0,0,0,4.382511664376805
0.0,0,0,1.4378542655407793
0.0,0,0,0.9176682235261668
2.375306214954067,0,1,2.7506124299081347
0.3175742438860758,0,1,4.635148487772152
3.5633886511460835,0,1,1.1267773022921668
0.0,0,1,0.011036817150250256
6.220898651084743,0,0,0.4417973021694852
0.0,0,1,1.0282705820025602
0.0,0,1,2.481440894415889
